{
  "metadata": {
    "timestamp": "2026-01-15T18:24:43.475Z",
    "version": "1.0.0",
    "totalPackages": 5,
    "totalLenses": 8,
    "git": {
      "commit": "26d3626abf157b290886cf082cfafea0c1c2548f",
      "branch": "main",
      "repository": "Principal-Forks/eigent"
    }
  },
  "results": [
    {
      "package": {
        "name": "@stackframe/react",
        "path": "package/@stackframe/react"
      },
      "lens": {
        "id": "typescript",
        "command": "typecheck"
      },
      "execution": {
        "success": true,
        "exitCode": 1,
        "duration": 944,
        "timestamp": 1768501477831
      },
      "issues": [],
      "metrics": {
        "filesAnalyzed": 0,
        "totalIssues": 0,
        "issuesBySeverity": {
          "error": 0,
          "warning": 0,
          "info": 0,
          "hint": 0
        },
        "executionTime": 0,
        "custom": {
          "filesWithErrors": 0,
          "totalErrors": 0,
          "totalWarnings": 0,
          "totalSuggestions": 0,
          "uniqueErrorCodes": 0,
          "topErrors": []
        }
      },
      "fileMetrics": [],
      "qualityContext": {}
    },
    {
      "package": {
        "name": "@stackframe/react",
        "path": "package/@stackframe/react"
      },
      "lens": {
        "id": "eslint",
        "command": "lint"
      },
      "execution": {
        "success": true,
        "exitCode": 2,
        "duration": 3323,
        "timestamp": 1768501481154
      },
      "issues": [],
      "metrics": {},
      "qualityContext": {}
    },
    {
      "package": {
        "name": "@stackframe/stack-shared",
        "path": "package/@stackframe/stack-shared"
      },
      "lens": {
        "id": "typescript",
        "command": "typecheck"
      },
      "execution": {
        "success": true,
        "exitCode": 1,
        "duration": 598,
        "timestamp": 1768501481754
      },
      "issues": [],
      "metrics": {
        "filesAnalyzed": 0,
        "totalIssues": 0,
        "issuesBySeverity": {
          "error": 0,
          "warning": 0,
          "info": 0,
          "hint": 0
        },
        "executionTime": 0,
        "custom": {
          "filesWithErrors": 0,
          "totalErrors": 0,
          "totalWarnings": 0,
          "totalSuggestions": 0,
          "uniqueErrorCodes": 0,
          "topErrors": []
        }
      },
      "fileMetrics": [],
      "qualityContext": {}
    },
    {
      "package": {
        "name": "@stackframe/stack-shared",
        "path": "package/@stackframe/stack-shared"
      },
      "lens": {
        "id": "vitest",
        "command": "test"
      },
      "execution": {
        "success": false,
        "exitCode": 127,
        "duration": 121,
        "timestamp": 1768501481875
      },
      "issues": [],
      "metrics": {},
      "qualityContext": {}
    },
    {
      "package": {
        "name": "@stackframe/stack-shared",
        "path": "package/@stackframe/stack-shared"
      },
      "lens": {
        "id": "eslint",
        "command": "lint"
      },
      "execution": {
        "success": true,
        "exitCode": 2,
        "duration": 770,
        "timestamp": 1768501482645
      },
      "issues": [],
      "metrics": {},
      "qualityContext": {}
    },
    {
      "package": {
        "name": "eigent",
        "path": ""
      },
      "lens": {
        "id": "vitest",
        "command": "test"
      },
      "execution": {
        "success": false,
        "exitCode": 127,
        "duration": 117,
        "timestamp": 1768501482762
      },
      "issues": [],
      "metrics": {},
      "qualityContext": {}
    },
    {
      "package": {
        "name": "eigent",
        "path": ""
      },
      "lens": {
        "id": "vitest",
        "command": "test:coverage"
      },
      "execution": {
        "success": false,
        "exitCode": 127,
        "duration": 120,
        "timestamp": 1768501482882
      },
      "issues": [],
      "metrics": {},
      "qualityContext": {}
    },
    {
      "package": {
        "name": "eigent",
        "path": ""
      },
      "lens": {
        "id": "typescript",
        "command": "type-check"
      },
      "execution": {
        "success": true,
        "exitCode": 1,
        "duration": 591,
        "timestamp": 1768501483474
      },
      "issues": [],
      "metrics": {
        "filesAnalyzed": 234,
        "totalIssues": 0,
        "issuesBySeverity": {
          "error": 0,
          "warning": 0,
          "info": 0,
          "hint": 0
        },
        "executionTime": 0,
        "custom": {
          "filesWithErrors": 0,
          "totalErrors": 0,
          "totalWarnings": 0,
          "totalSuggestions": 0,
          "uniqueErrorCodes": 0,
          "topErrors": []
        }
      },
      "fileMetrics": [
        {
          "file": "config/notarize.cjs",
          "score": 100,
          "issueCount": 0,
          "errorCount": 0,
          "warningCount": 0,
          "infoCount": 0,
          "hintCount": 0
        },
        {
          "file": "electron/electron-env.d.ts",
          "score": 100,
          "issueCount": 0,
          "errorCount": 0,
          "warningCount": 0,
          "infoCount": 0,
          "hintCount": 0
        },
        {
          "file": "electron/electron.d.ts",
          "score": 100,
          "issueCount": 0,
          "errorCount": 0,
          "warningCount": 0,
          "infoCount": 0,
          "hintCount": 0
        },
        {
          "file": "electron/main/copy.ts",
          "score": 100,
          "issueCount": 0,
          "errorCount": 0,
          "warningCount": 0,
          "infoCount": 0,
          "hintCount": 0
        },
        {
          "file": "electron/main/fileReader.ts",
          "score": 100,
          "issueCount": 0,
          "errorCount": 0,
          "warningCount": 0,
          "infoCount": 0,
          "hintCount": 0
        },
        {
          "file": "electron/main/index.ts",
          "score": 100,
          "issueCount": 0,
          "errorCount": 0,
          "warningCount": 0,
          "infoCount": 0,
          "hintCount": 0
        },
        {
          "file": "electron/main/init.ts",
          "score": 100,
          "issueCount": 0,
          "errorCount": 0,
          "warningCount": 0,
          "infoCount": 0,
          "hintCount": 0
        },
        {
          "file": "electron/main/install-deps.ts",
          "score": 100,
          "issueCount": 0,
          "errorCount": 0,
          "warningCount": 0,
          "infoCount": 0,
          "hintCount": 0
        },
        {
          "file": "electron/main/update.ts",
          "score": 100,
          "issueCount": 0,
          "errorCount": 0,
          "warningCount": 0,
          "infoCount": 0,
          "hintCount": 0
        },
        {
          "file": "electron/main/utils/envUtil.ts",
          "score": 100,
          "issueCount": 0,
          "errorCount": 0,
          "warningCount": 0,
          "infoCount": 0,
          "hintCount": 0
        },
        {
          "file": "electron/main/utils/log.ts",
          "score": 100,
          "issueCount": 0,
          "errorCount": 0,
          "warningCount": 0,
          "infoCount": 0,
          "hintCount": 0
        },
        {
          "file": "electron/main/utils/mcpConfig.ts",
          "score": 100,
          "issueCount": 0,
          "errorCount": 0,
          "warningCount": 0,
          "infoCount": 0,
          "hintCount": 0
        },
        {
          "file": "electron/main/utils/process.ts",
          "score": 100,
          "issueCount": 0,
          "errorCount": 0,
          "warningCount": 0,
          "infoCount": 0,
          "hintCount": 0
        },
        {
          "file": "electron/main/utils/safeWebContentsSend.ts",
          "score": 100,
          "issueCount": 0,
          "errorCount": 0,
          "warningCount": 0,
          "infoCount": 0,
          "hintCount": 0
        },
        {
          "file": "electron/main/webview.ts",
          "score": 100,
          "issueCount": 0,
          "errorCount": 0,
          "warningCount": 0,
          "infoCount": 0,
          "hintCount": 0
        },
        {
          "file": "electron/preload/index.ts",
          "score": 100,
          "issueCount": 0,
          "errorCount": 0,
          "warningCount": 0,
          "infoCount": 0,
          "hintCount": 0
        },
        {
          "file": "postcss.config.cjs",
          "score": 100,
          "issueCount": 0,
          "errorCount": 0,
          "warningCount": 0,
          "infoCount": 0,
          "hintCount": 0
        },
        {
          "file": "resources/scripts/download.js",
          "score": 100,
          "issueCount": 0,
          "errorCount": 0,
          "warningCount": 0,
          "infoCount": 0,
          "hintCount": 0
        },
        {
          "file": "resources/scripts/install-bun.js",
          "score": 100,
          "issueCount": 0,
          "errorCount": 0,
          "warningCount": 0,
          "infoCount": 0,
          "hintCount": 0
        },
        {
          "file": "resources/scripts/install-uv.js",
          "score": 100,
          "issueCount": 0,
          "errorCount": 0,
          "warningCount": 0,
          "infoCount": 0,
          "hintCount": 0
        },
        {
          "file": "src/App.tsx",
          "score": 100,
          "issueCount": 0,
          "errorCount": 0,
          "warningCount": 0,
          "infoCount": 0,
          "hintCount": 0
        },
        {
          "file": "src/api/http.ts",
          "score": 100,
          "issueCount": 0,
          "errorCount": 0,
          "warningCount": 0,
          "infoCount": 0,
          "hintCount": 0
        },
        {
          "file": "src/components/AddWorker/ToolSelect.tsx",
          "score": 100,
          "issueCount": 0,
          "errorCount": 0,
          "warningCount": 0,
          "infoCount": 0,
          "hintCount": 0
        },
        {
          "file": "src/components/AddWorker/index.tsx",
          "score": 100,
          "issueCount": 0,
          "errorCount": 0,
          "warningCount": 0,
          "infoCount": 0,
          "hintCount": 0
        },
        {
          "file": "src/components/AnimationJson.tsx",
          "score": 100,
          "issueCount": 0,
          "errorCount": 0,
          "warningCount": 0,
          "infoCount": 0,
          "hintCount": 0
        },
        {
          "file": "src/components/BottomBar/index.tsx",
          "score": 100,
          "issueCount": 0,
          "errorCount": 0,
          "warningCount": 0,
          "infoCount": 0,
          "hintCount": 0
        },
        {
          "file": "src/components/ChatBox/BottomBox/BoxAction.tsx",
          "score": 100,
          "issueCount": 0,
          "errorCount": 0,
          "warningCount": 0,
          "infoCount": 0,
          "hintCount": 0
        },
        {
          "file": "src/components/ChatBox/BottomBox/BoxHeader.tsx",
          "score": 100,
          "issueCount": 0,
          "errorCount": 0,
          "warningCount": 0,
          "infoCount": 0,
          "hintCount": 0
        },
        {
          "file": "src/components/ChatBox/BottomBox/InputBox.tsx",
          "score": 100,
          "issueCount": 0,
          "errorCount": 0,
          "warningCount": 0,
          "infoCount": 0,
          "hintCount": 0
        },
        {
          "file": "src/components/ChatBox/BottomBox/QueuedBox.tsx",
          "score": 100,
          "issueCount": 0,
          "errorCount": 0,
          "warningCount": 0,
          "infoCount": 0,
          "hintCount": 0
        },
        {
          "file": "src/components/ChatBox/BottomBox/index.tsx",
          "score": 100,
          "issueCount": 0,
          "errorCount": 0,
          "warningCount": 0,
          "infoCount": 0,
          "hintCount": 0
        },
        {
          "file": "src/components/ChatBox/FloatingAction.tsx",
          "score": 100,
          "issueCount": 0,
          "errorCount": 0,
          "warningCount": 0,
          "infoCount": 0,
          "hintCount": 0
        },
        {
          "file": "src/components/ChatBox/MessageItem/AgentMessageCard.tsx",
          "score": 100,
          "issueCount": 0,
          "errorCount": 0,
          "warningCount": 0,
          "infoCount": 0,
          "hintCount": 0
        },
        {
          "file": "src/components/ChatBox/MessageItem/FeedbackCard.tsx",
          "score": 100,
          "issueCount": 0,
          "errorCount": 0,
          "warningCount": 0,
          "infoCount": 0,
          "hintCount": 0
        },
        {
          "file": "src/components/ChatBox/MessageItem/MarkDown.tsx",
          "score": 100,
          "issueCount": 0,
          "errorCount": 0,
          "warningCount": 0,
          "infoCount": 0,
          "hintCount": 0
        },
        {
          "file": "src/components/ChatBox/MessageItem/NoticeCard.tsx",
          "score": 100,
          "issueCount": 0,
          "errorCount": 0,
          "warningCount": 0,
          "infoCount": 0,
          "hintCount": 0
        },
        {
          "file": "src/components/ChatBox/MessageItem/SummaryMarkDown.tsx",
          "score": 100,
          "issueCount": 0,
          "errorCount": 0,
          "warningCount": 0,
          "infoCount": 0,
          "hintCount": 0
        },
        {
          "file": "src/components/ChatBox/MessageItem/UserMessageCard.tsx",
          "score": 100,
          "issueCount": 0,
          "errorCount": 0,
          "warningCount": 0,
          "infoCount": 0,
          "hintCount": 0
        },
        {
          "file": "src/components/ChatBox/ProjectChatContainer.tsx",
          "score": 100,
          "issueCount": 0,
          "errorCount": 0,
          "warningCount": 0,
          "infoCount": 0,
          "hintCount": 0
        },
        {
          "file": "src/components/ChatBox/ProjectSection.tsx",
          "score": 100,
          "issueCount": 0,
          "errorCount": 0,
          "warningCount": 0,
          "infoCount": 0,
          "hintCount": 0
        },
        {
          "file": "src/components/ChatBox/TaskBox/StreamingTaskList.tsx",
          "score": 100,
          "issueCount": 0,
          "errorCount": 0,
          "warningCount": 0,
          "infoCount": 0,
          "hintCount": 0
        },
        {
          "file": "src/components/ChatBox/TaskBox/TaskCard.tsx",
          "score": 100,
          "issueCount": 0,
          "errorCount": 0,
          "warningCount": 0,
          "infoCount": 0,
          "hintCount": 0
        },
        {
          "file": "src/components/ChatBox/TaskBox/TaskItem.tsx",
          "score": 100,
          "issueCount": 0,
          "errorCount": 0,
          "warningCount": 0,
          "infoCount": 0,
          "hintCount": 0
        },
        {
          "file": "src/components/ChatBox/TaskBox/TaskType.tsx",
          "score": 100,
          "issueCount": 0,
          "errorCount": 0,
          "warningCount": 0,
          "infoCount": 0,
          "hintCount": 0
        },
        {
          "file": "src/components/ChatBox/TaskBox/TypeCardSkeleton.tsx",
          "score": 100,
          "issueCount": 0,
          "errorCount": 0,
          "warningCount": 0,
          "infoCount": 0,
          "hintCount": 0
        },
        {
          "file": "src/components/ChatBox/UserQueryGroup.tsx",
          "score": 100,
          "issueCount": 0,
          "errorCount": 0,
          "warningCount": 0,
          "infoCount": 0,
          "hintCount": 0
        },
        {
          "file": "src/components/ChatBox/index.tsx",
          "score": 100,
          "issueCount": 0,
          "errorCount": 0,
          "warningCount": 0,
          "infoCount": 0,
          "hintCount": 0
        },
        {
          "file": "src/components/Dialog/CloseNotice.tsx",
          "score": 100,
          "issueCount": 0,
          "errorCount": 0,
          "warningCount": 0,
          "infoCount": 0,
          "hintCount": 0
        },
        {
          "file": "src/components/Dialog/EndNotice.tsx",
          "score": 100,
          "issueCount": 0,
          "errorCount": 0,
          "warningCount": 0,
          "infoCount": 0,
          "hintCount": 0
        },
        {
          "file": "src/components/Dialog/Privacy.tsx",
          "score": 100,
          "issueCount": 0,
          "errorCount": 0,
          "warningCount": 0,
          "infoCount": 0,
          "hintCount": 0
        },
        {
          "file": "src/components/Folder/FolderComponent.tsx",
          "score": 100,
          "issueCount": 0,
          "errorCount": 0,
          "warningCount": 0,
          "infoCount": 0,
          "hintCount": 0
        },
        {
          "file": "src/components/Folder/index.tsx",
          "score": 100,
          "issueCount": 0,
          "errorCount": 0,
          "warningCount": 0,
          "infoCount": 0,
          "hintCount": 0
        },
        {
          "file": "src/components/GlobalSearch/index.tsx",
          "score": 100,
          "issueCount": 0,
          "errorCount": 0,
          "warningCount": 0,
          "infoCount": 0,
          "hintCount": 0
        },
        {
          "file": "src/components/GroupedHistoryView/ProjectDialog.tsx",
          "score": 100,
          "issueCount": 0,
          "errorCount": 0,
          "warningCount": 0,
          "infoCount": 0,
          "hintCount": 0
        },
        {
          "file": "src/components/GroupedHistoryView/ProjectGroup.tsx",
          "score": 100,
          "issueCount": 0,
          "errorCount": 0,
          "warningCount": 0,
          "infoCount": 0,
          "hintCount": 0
        },
        {
          "file": "src/components/GroupedHistoryView/TaskItem.tsx",
          "score": 100,
          "issueCount": 0,
          "errorCount": 0,
          "warningCount": 0,
          "infoCount": 0,
          "hintCount": 0
        },
        {
          "file": "src/components/GroupedHistoryView/index.tsx",
          "score": 100,
          "issueCount": 0,
          "errorCount": 0,
          "warningCount": 0,
          "infoCount": 0,
          "hintCount": 0
        },
        {
          "file": "src/components/Halo/index.tsx",
          "score": 100,
          "issueCount": 0,
          "errorCount": 0,
          "warningCount": 0,
          "infoCount": 0,
          "hintCount": 0
        },
        {
          "file": "src/components/HistorySidebar/SearchInput.tsx",
          "score": 100,
          "issueCount": 0,
          "errorCount": 0,
          "warningCount": 0,
          "infoCount": 0,
          "hintCount": 0
        },
        {
          "file": "src/components/HistorySidebar/index.tsx",
          "score": 100,
          "issueCount": 0,
          "errorCount": 0,
          "warningCount": 0,
          "infoCount": 0,
          "hintCount": 0
        },
        {
          "file": "src/components/InstallStep/Carousel.tsx",
          "score": 100,
          "issueCount": 0,
          "errorCount": 0,
          "warningCount": 0,
          "infoCount": 0,
          "hintCount": 0
        },
        {
          "file": "src/components/InstallStep/InstallDependencies.tsx",
          "score": 100,
          "issueCount": 0,
          "errorCount": 0,
          "warningCount": 0,
          "infoCount": 0,
          "hintCount": 0
        },
        {
          "file": "src/components/InstallStep/InstallationErrorDialog/InstallationErrorDialog.tsx",
          "score": 100,
          "issueCount": 0,
          "errorCount": 0,
          "warningCount": 0,
          "infoCount": 0,
          "hintCount": 0
        },
        {
          "file": "src/components/InstallStep/Permissions.tsx",
          "score": 100,
          "issueCount": 0,
          "errorCount": 0,
          "warningCount": 0,
          "infoCount": 0,
          "hintCount": 0
        },
        {
          "file": "src/components/IntegrationList/index.tsx",
          "score": 100,
          "issueCount": 0,
          "errorCount": 0,
          "warningCount": 0,
          "infoCount": 0,
          "hintCount": 0
        },
        {
          "file": "src/components/Layout/index.tsx",
          "score": 100,
          "issueCount": 0,
          "errorCount": 0,
          "warningCount": 0,
          "infoCount": 0,
          "hintCount": 0
        },
        {
          "file": "src/components/MenuButton/MenuButton.tsx",
          "score": 100,
          "issueCount": 0,
          "errorCount": 0,
          "warningCount": 0,
          "infoCount": 0,
          "hintCount": 0
        },
        {
          "file": "src/components/Navigation/index.tsx",
          "score": 100,
          "issueCount": 0,
          "errorCount": 0,
          "warningCount": 0,
          "infoCount": 0,
          "hintCount": 0
        },
        {
          "file": "src/components/SearchAgentWrokSpace/index.tsx",
          "score": 100,
          "issueCount": 0,
          "errorCount": 0,
          "warningCount": 0,
          "infoCount": 0,
          "hintCount": 0
        },
        {
          "file": "src/components/SearchHistoryDialog.tsx",
          "score": 100,
          "issueCount": 0,
          "errorCount": 0,
          "warningCount": 0,
          "infoCount": 0,
          "hintCount": 0
        },
        {
          "file": "src/components/SearchInput/index.tsx",
          "score": 100,
          "issueCount": 0,
          "errorCount": 0,
          "warningCount": 0,
          "infoCount": 0,
          "hintCount": 0
        },
        {
          "file": "src/components/SideBar/index.tsx",
          "score": 100,
          "issueCount": 0,
          "errorCount": 0,
          "warningCount": 0,
          "infoCount": 0,
          "hintCount": 0
        },
        {
          "file": "src/components/TaskState/index.tsx",
          "score": 100,
          "issueCount": 0,
          "errorCount": 0,
          "warningCount": 0,
          "infoCount": 0,
          "hintCount": 0
        },
        {
          "file": "src/components/Terminal/index.tsx",
          "score": 100,
          "issueCount": 0,
          "errorCount": 0,
          "warningCount": 0,
          "infoCount": 0,
          "hintCount": 0
        },
        {
          "file": "src/components/TerminalAgentWrokSpace/index.tsx",
          "score": 100,
          "issueCount": 0,
          "errorCount": 0,
          "warningCount": 0,
          "infoCount": 0,
          "hintCount": 0
        },
        {
          "file": "src/components/ThemeProvider.tsx",
          "score": 100,
          "issueCount": 0,
          "errorCount": 0,
          "warningCount": 0,
          "infoCount": 0,
          "hintCount": 0
        },
        {
          "file": "src/components/Toast/creditsToast.tsx",
          "score": 100,
          "issueCount": 0,
          "errorCount": 0,
          "warningCount": 0,
          "infoCount": 0,
          "hintCount": 0
        },
        {
          "file": "src/components/Toast/storageToast.tsx",
          "score": 100,
          "issueCount": 0,
          "errorCount": 0,
          "warningCount": 0,
          "infoCount": 0,
          "hintCount": 0
        },
        {
          "file": "src/components/Toast/trafficToast.tsx",
          "score": 100,
          "issueCount": 0,
          "errorCount": 0,
          "warningCount": 0,
          "infoCount": 0,
          "hintCount": 0
        },
        {
          "file": "src/components/TopBar/index.tsx",
          "score": 100,
          "issueCount": 0,
          "errorCount": 0,
          "warningCount": 0,
          "infoCount": 0,
          "hintCount": 0
        },
        {
          "file": "src/components/WindowControls/index.tsx",
          "score": 100,
          "issueCount": 0,
          "errorCount": 0,
          "warningCount": 0,
          "infoCount": 0,
          "hintCount": 0
        },
        {
          "file": "src/components/WorkFlow/MarkDown.tsx",
          "score": 100,
          "issueCount": 0,
          "errorCount": 0,
          "warningCount": 0,
          "infoCount": 0,
          "hintCount": 0
        },
        {
          "file": "src/components/WorkFlow/index.tsx",
          "score": 100,
          "issueCount": 0,
          "errorCount": 0,
          "warningCount": 0,
          "infoCount": 0,
          "hintCount": 0
        },
        {
          "file": "src/components/WorkFlow/node.tsx",
          "score": 100,
          "issueCount": 0,
          "errorCount": 0,
          "warningCount": 0,
          "infoCount": 0,
          "hintCount": 0
        },
        {
          "file": "src/components/WorkSpaceMenu/index.tsx",
          "score": 100,
          "issueCount": 0,
          "errorCount": 0,
          "warningCount": 0,
          "infoCount": 0,
          "hintCount": 0
        },
        {
          "file": "src/components/animate-ui/icons/alarm-clock.tsx",
          "score": 100,
          "issueCount": 0,
          "errorCount": 0,
          "warningCount": 0,
          "infoCount": 0,
          "hintCount": 0
        },
        {
          "file": "src/components/animate-ui/icons/bot.tsx",
          "score": 100,
          "issueCount": 0,
          "errorCount": 0,
          "warningCount": 0,
          "infoCount": 0,
          "hintCount": 0
        },
        {
          "file": "src/components/animate-ui/icons/compass.tsx",
          "score": 100,
          "issueCount": 0,
          "errorCount": 0,
          "warningCount": 0,
          "infoCount": 0,
          "hintCount": 0
        },
        {
          "file": "src/components/animate-ui/icons/hammer.tsx",
          "score": 100,
          "issueCount": 0,
          "errorCount": 0,
          "warningCount": 0,
          "infoCount": 0,
          "hintCount": 0
        },
        {
          "file": "src/components/animate-ui/icons/icon.tsx",
          "score": 100,
          "issueCount": 0,
          "errorCount": 0,
          "warningCount": 0,
          "infoCount": 0,
          "hintCount": 0
        },
        {
          "file": "src/components/animate-ui/icons/orbit.tsx",
          "score": 100,
          "issueCount": 0,
          "errorCount": 0,
          "warningCount": 0,
          "infoCount": 0,
          "hintCount": 0
        },
        {
          "file": "src/components/animate-ui/icons/pin.tsx",
          "score": 100,
          "issueCount": 0,
          "errorCount": 0,
          "warningCount": 0,
          "infoCount": 0,
          "hintCount": 0
        },
        {
          "file": "src/components/animate-ui/icons/settings.tsx",
          "score": 100,
          "issueCount": 0,
          "errorCount": 0,
          "warningCount": 0,
          "infoCount": 0,
          "hintCount": 0
        },
        {
          "file": "src/components/animate-ui/icons/sparkle.tsx",
          "score": 100,
          "issueCount": 0,
          "errorCount": 0,
          "warningCount": 0,
          "infoCount": 0,
          "hintCount": 0
        },
        {
          "file": "src/components/animate-ui/primitives/animate/slot.tsx",
          "score": 100,
          "issueCount": 0,
          "errorCount": 0,
          "warningCount": 0,
          "infoCount": 0,
          "hintCount": 0
        },
        {
          "file": "src/components/ui/ShinyText/ShinyText.tsx",
          "score": 100,
          "issueCount": 0,
          "errorCount": 0,
          "warningCount": 0,
          "infoCount": 0,
          "hintCount": 0
        },
        {
          "file": "src/components/ui/SplitText/SplitText.d.ts",
          "score": 100,
          "issueCount": 0,
          "errorCount": 0,
          "warningCount": 0,
          "infoCount": 0,
          "hintCount": 0
        },
        {
          "file": "src/components/ui/SplitText/SplitText.jsx",
          "score": 100,
          "issueCount": 0,
          "errorCount": 0,
          "warningCount": 0,
          "infoCount": 0,
          "hintCount": 0
        },
        {
          "file": "src/components/ui/WordCarousel/WordCarousel.tsx",
          "score": 100,
          "issueCount": 0,
          "errorCount": 0,
          "warningCount": 0,
          "infoCount": 0,
          "hintCount": 0
        },
        {
          "file": "src/components/ui/WordCarousel/index.ts",
          "score": 100,
          "issueCount": 0,
          "errorCount": 0,
          "warningCount": 0,
          "infoCount": 0,
          "hintCount": 0
        },
        {
          "file": "src/components/ui/accordion.tsx",
          "score": 100,
          "issueCount": 0,
          "errorCount": 0,
          "warningCount": 0,
          "infoCount": 0,
          "hintCount": 0
        },
        {
          "file": "src/components/ui/alert.tsx",
          "score": 100,
          "issueCount": 0,
          "errorCount": 0,
          "warningCount": 0,
          "infoCount": 0,
          "hintCount": 0
        },
        {
          "file": "src/components/ui/alertDialog.tsx",
          "score": 100,
          "issueCount": 0,
          "errorCount": 0,
          "warningCount": 0,
          "infoCount": 0,
          "hintCount": 0
        },
        {
          "file": "src/components/ui/badge.tsx",
          "score": 100,
          "issueCount": 0,
          "errorCount": 0,
          "warningCount": 0,
          "infoCount": 0,
          "hintCount": 0
        },
        {
          "file": "src/components/ui/button.tsx",
          "score": 100,
          "issueCount": 0,
          "errorCount": 0,
          "warningCount": 0,
          "infoCount": 0,
          "hintCount": 0
        },
        {
          "file": "src/components/ui/card.tsx",
          "score": 100,
          "issueCount": 0,
          "errorCount": 0,
          "warningCount": 0,
          "infoCount": 0,
          "hintCount": 0
        },
        {
          "file": "src/components/ui/carousel.tsx",
          "score": 100,
          "issueCount": 0,
          "errorCount": 0,
          "warningCount": 0,
          "infoCount": 0,
          "hintCount": 0
        },
        {
          "file": "src/components/ui/command.tsx",
          "score": 100,
          "issueCount": 0,
          "errorCount": 0,
          "warningCount": 0,
          "infoCount": 0,
          "hintCount": 0
        },
        {
          "file": "src/components/ui/dialog.tsx",
          "score": 100,
          "issueCount": 0,
          "errorCount": 0,
          "warningCount": 0,
          "infoCount": 0,
          "hintCount": 0
        },
        {
          "file": "src/components/ui/dropdown-menu.tsx",
          "score": 100,
          "issueCount": 0,
          "errorCount": 0,
          "warningCount": 0,
          "infoCount": 0,
          "hintCount": 0
        },
        {
          "file": "src/components/ui/input.tsx",
          "score": 100,
          "issueCount": 0,
          "errorCount": 0,
          "warningCount": 0,
          "infoCount": 0,
          "hintCount": 0
        },
        {
          "file": "src/components/ui/label.tsx",
          "score": 100,
          "issueCount": 0,
          "errorCount": 0,
          "warningCount": 0,
          "infoCount": 0,
          "hintCount": 0
        },
        {
          "file": "src/components/ui/popover.tsx",
          "score": 100,
          "issueCount": 0,
          "errorCount": 0,
          "warningCount": 0,
          "infoCount": 0,
          "hintCount": 0
        },
        {
          "file": "src/components/ui/progress-install.tsx",
          "score": 100,
          "issueCount": 0,
          "errorCount": 0,
          "warningCount": 0,
          "infoCount": 0,
          "hintCount": 0
        },
        {
          "file": "src/components/ui/progress.tsx",
          "score": 100,
          "issueCount": 0,
          "errorCount": 0,
          "warningCount": 0,
          "infoCount": 0,
          "hintCount": 0
        },
        {
          "file": "src/components/ui/resizable.tsx",
          "score": 100,
          "issueCount": 0,
          "errorCount": 0,
          "warningCount": 0,
          "infoCount": 0,
          "hintCount": 0
        },
        {
          "file": "src/components/ui/select.tsx",
          "score": 100,
          "issueCount": 0,
          "errorCount": 0,
          "warningCount": 0,
          "infoCount": 0,
          "hintCount": 0
        },
        {
          "file": "src/components/ui/separator.tsx",
          "score": 100,
          "issueCount": 0,
          "errorCount": 0,
          "warningCount": 0,
          "infoCount": 0,
          "hintCount": 0
        },
        {
          "file": "src/components/ui/sheet.tsx",
          "score": 100,
          "issueCount": 0,
          "errorCount": 0,
          "warningCount": 0,
          "infoCount": 0,
          "hintCount": 0
        },
        {
          "file": "src/components/ui/sidebar.tsx",
          "score": 100,
          "issueCount": 0,
          "errorCount": 0,
          "warningCount": 0,
          "infoCount": 0,
          "hintCount": 0
        },
        {
          "file": "src/components/ui/skeleton.tsx",
          "score": 100,
          "issueCount": 0,
          "errorCount": 0,
          "warningCount": 0,
          "infoCount": 0,
          "hintCount": 0
        },
        {
          "file": "src/components/ui/sonner.tsx",
          "score": 100,
          "issueCount": 0,
          "errorCount": 0,
          "warningCount": 0,
          "infoCount": 0,
          "hintCount": 0
        },
        {
          "file": "src/components/ui/switch.tsx",
          "score": 100,
          "issueCount": 0,
          "errorCount": 0,
          "warningCount": 0,
          "infoCount": 0,
          "hintCount": 0
        },
        {
          "file": "src/components/ui/tabs.tsx",
          "score": 100,
          "issueCount": 0,
          "errorCount": 0,
          "warningCount": 0,
          "infoCount": 0,
          "hintCount": 0
        },
        {
          "file": "src/components/ui/tag.tsx",
          "score": 100,
          "issueCount": 0,
          "errorCount": 0,
          "warningCount": 0,
          "infoCount": 0,
          "hintCount": 0
        },
        {
          "file": "src/components/ui/textarea.tsx",
          "score": 100,
          "issueCount": 0,
          "errorCount": 0,
          "warningCount": 0,
          "infoCount": 0,
          "hintCount": 0
        },
        {
          "file": "src/components/ui/toggle-group.tsx",
          "score": 100,
          "issueCount": 0,
          "errorCount": 0,
          "warningCount": 0,
          "infoCount": 0,
          "hintCount": 0
        },
        {
          "file": "src/components/ui/toggle.tsx",
          "score": 100,
          "issueCount": 0,
          "errorCount": 0,
          "warningCount": 0,
          "infoCount": 0,
          "hintCount": 0
        },
        {
          "file": "src/components/ui/tooltip.tsx",
          "score": 100,
          "issueCount": 0,
          "errorCount": 0,
          "warningCount": 0,
          "infoCount": 0,
          "hintCount": 0
        },
        {
          "file": "src/components/update/index.tsx",
          "score": 100,
          "issueCount": 0,
          "errorCount": 0,
          "warningCount": 0,
          "infoCount": 0,
          "hintCount": 0
        },
        {
          "file": "src/demos/node.ts",
          "score": 100,
          "issueCount": 0,
          "errorCount": 0,
          "warningCount": 0,
          "infoCount": 0,
          "hintCount": 0
        },
        {
          "file": "src/hooks/use-app-version.tsx",
          "score": 100,
          "issueCount": 0,
          "errorCount": 0,
          "warningCount": 0,
          "infoCount": 0,
          "hintCount": 0
        },
        {
          "file": "src/hooks/use-is-in-view.tsx",
          "score": 100,
          "issueCount": 0,
          "errorCount": 0,
          "warningCount": 0,
          "infoCount": 0,
          "hintCount": 0
        },
        {
          "file": "src/hooks/use-mobile.tsx",
          "score": 100,
          "issueCount": 0,
          "errorCount": 0,
          "warningCount": 0,
          "infoCount": 0,
          "hintCount": 0
        },
        {
          "file": "src/hooks/useChatStoreAdapter.tsx",
          "score": 100,
          "issueCount": 0,
          "errorCount": 0,
          "warningCount": 0,
          "infoCount": 0,
          "hintCount": 0
        },
        {
          "file": "src/hooks/useInstallationSetup.ts",
          "score": 100,
          "issueCount": 0,
          "errorCount": 0,
          "warningCount": 0,
          "infoCount": 0,
          "hintCount": 0
        },
        {
          "file": "src/hooks/useIntegrationManagement.ts",
          "score": 100,
          "issueCount": 0,
          "errorCount": 0,
          "warningCount": 0,
          "infoCount": 0,
          "hintCount": 0
        },
        {
          "file": "src/i18n/index.ts",
          "score": 100,
          "issueCount": 0,
          "errorCount": 0,
          "warningCount": 0,
          "infoCount": 0,
          "hintCount": 0
        },
        {
          "file": "src/i18n/locales/ar/index.ts",
          "score": 100,
          "issueCount": 0,
          "errorCount": 0,
          "warningCount": 0,
          "infoCount": 0,
          "hintCount": 0
        },
        {
          "file": "src/i18n/locales/de/index.ts",
          "score": 100,
          "issueCount": 0,
          "errorCount": 0,
          "warningCount": 0,
          "infoCount": 0,
          "hintCount": 0
        },
        {
          "file": "src/i18n/locales/en-us/index.ts",
          "score": 100,
          "issueCount": 0,
          "errorCount": 0,
          "warningCount": 0,
          "infoCount": 0,
          "hintCount": 0
        },
        {
          "file": "src/i18n/locales/es/index.ts",
          "score": 100,
          "issueCount": 0,
          "errorCount": 0,
          "warningCount": 0,
          "infoCount": 0,
          "hintCount": 0
        },
        {
          "file": "src/i18n/locales/fr/index.ts",
          "score": 100,
          "issueCount": 0,
          "errorCount": 0,
          "warningCount": 0,
          "infoCount": 0,
          "hintCount": 0
        },
        {
          "file": "src/i18n/locales/index.ts",
          "score": 100,
          "issueCount": 0,
          "errorCount": 0,
          "warningCount": 0,
          "infoCount": 0,
          "hintCount": 0
        },
        {
          "file": "src/i18n/locales/it/index.ts",
          "score": 100,
          "issueCount": 0,
          "errorCount": 0,
          "warningCount": 0,
          "infoCount": 0,
          "hintCount": 0
        },
        {
          "file": "src/i18n/locales/ja/index.ts",
          "score": 100,
          "issueCount": 0,
          "errorCount": 0,
          "warningCount": 0,
          "infoCount": 0,
          "hintCount": 0
        },
        {
          "file": "src/i18n/locales/ko/index.ts",
          "score": 100,
          "issueCount": 0,
          "errorCount": 0,
          "warningCount": 0,
          "infoCount": 0,
          "hintCount": 0
        },
        {
          "file": "src/i18n/locales/ru/index.ts",
          "score": 100,
          "issueCount": 0,
          "errorCount": 0,
          "warningCount": 0,
          "infoCount": 0,
          "hintCount": 0
        },
        {
          "file": "src/i18n/locales/zh-Hans/index.ts",
          "score": 100,
          "issueCount": 0,
          "errorCount": 0,
          "warningCount": 0,
          "infoCount": 0,
          "hintCount": 0
        },
        {
          "file": "src/i18n/locales/zh-Hant/index.ts",
          "score": 100,
          "issueCount": 0,
          "errorCount": 0,
          "warningCount": 0,
          "infoCount": 0,
          "hintCount": 0
        },
        {
          "file": "src/lib/index.ts",
          "score": 100,
          "issueCount": 0,
          "errorCount": 0,
          "warningCount": 0,
          "infoCount": 0,
          "hintCount": 0
        },
        {
          "file": "src/lib/llm.ts",
          "score": 100,
          "issueCount": 0,
          "errorCount": 0,
          "warningCount": 0,
          "infoCount": 0,
          "hintCount": 0
        },
        {
          "file": "src/lib/oauth.ts",
          "score": 100,
          "issueCount": 0,
          "errorCount": 0,
          "warningCount": 0,
          "infoCount": 0,
          "hintCount": 0
        },
        {
          "file": "src/lib/replay.ts",
          "score": 100,
          "issueCount": 0,
          "errorCount": 0,
          "warningCount": 0,
          "infoCount": 0,
          "hintCount": 0
        },
        {
          "file": "src/lib/share.ts",
          "score": 100,
          "issueCount": 0,
          "errorCount": 0,
          "warningCount": 0,
          "infoCount": 0,
          "hintCount": 0
        },
        {
          "file": "src/lib/utils.ts",
          "score": 100,
          "issueCount": 0,
          "errorCount": 0,
          "warningCount": 0,
          "infoCount": 0,
          "hintCount": 0
        },
        {
          "file": "src/main.tsx",
          "score": 100,
          "issueCount": 0,
          "errorCount": 0,
          "warningCount": 0,
          "infoCount": 0,
          "hintCount": 0
        },
        {
          "file": "src/pages/Dashboard/Browser.tsx",
          "score": 100,
          "issueCount": 0,
          "errorCount": 0,
          "warningCount": 0,
          "infoCount": 0,
          "hintCount": 0
        },
        {
          "file": "src/pages/Dashboard/Project.tsx",
          "score": 100,
          "issueCount": 0,
          "errorCount": 0,
          "warningCount": 0,
          "infoCount": 0,
          "hintCount": 0
        },
        {
          "file": "src/pages/Dashboard/Trigger.tsx",
          "score": 100,
          "issueCount": 0,
          "errorCount": 0,
          "warningCount": 0,
          "infoCount": 0,
          "hintCount": 0
        },
        {
          "file": "src/pages/Dashboard/Worker.tsx",
          "score": 100,
          "issueCount": 0,
          "errorCount": 0,
          "warningCount": 0,
          "infoCount": 0,
          "hintCount": 0
        },
        {
          "file": "src/pages/History.tsx",
          "score": 100,
          "issueCount": 0,
          "errorCount": 0,
          "warningCount": 0,
          "infoCount": 0,
          "hintCount": 0
        },
        {
          "file": "src/pages/Home.tsx",
          "score": 100,
          "issueCount": 0,
          "errorCount": 0,
          "warningCount": 0,
          "infoCount": 0,
          "hintCount": 0
        },
        {
          "file": "src/pages/Login.tsx",
          "score": 100,
          "issueCount": 0,
          "errorCount": 0,
          "warningCount": 0,
          "infoCount": 0,
          "hintCount": 0
        },
        {
          "file": "src/pages/NotFound.tsx",
          "score": 100,
          "issueCount": 0,
          "errorCount": 0,
          "warningCount": 0,
          "infoCount": 0,
          "hintCount": 0
        },
        {
          "file": "src/pages/Setting/API.tsx",
          "score": 100,
          "issueCount": 0,
          "errorCount": 0,
          "warningCount": 0,
          "infoCount": 0,
          "hintCount": 0
        },
        {
          "file": "src/pages/Setting/General.tsx",
          "score": 100,
          "issueCount": 0,
          "errorCount": 0,
          "warningCount": 0,
          "infoCount": 0,
          "hintCount": 0
        },
        {
          "file": "src/pages/Setting/MCP.tsx",
          "score": 100,
          "issueCount": 0,
          "errorCount": 0,
          "warningCount": 0,
          "infoCount": 0,
          "hintCount": 0
        },
        {
          "file": "src/pages/Setting/MCPMarket.tsx",
          "score": 100,
          "issueCount": 0,
          "errorCount": 0,
          "warningCount": 0,
          "infoCount": 0,
          "hintCount": 0
        },
        {
          "file": "src/pages/Setting/Models.tsx",
          "score": 100,
          "issueCount": 0,
          "errorCount": 0,
          "warningCount": 0,
          "infoCount": 0,
          "hintCount": 0
        },
        {
          "file": "src/pages/Setting/Privacy.tsx",
          "score": 100,
          "issueCount": 0,
          "errorCount": 0,
          "warningCount": 0,
          "infoCount": 0,
          "hintCount": 0
        },
        {
          "file": "src/pages/Setting/components/CookieManager.tsx",
          "score": 100,
          "issueCount": 0,
          "errorCount": 0,
          "warningCount": 0,
          "infoCount": 0,
          "hintCount": 0
        },
        {
          "file": "src/pages/Setting/components/MCPAddDialog.tsx",
          "score": 100,
          "issueCount": 0,
          "errorCount": 0,
          "warningCount": 0,
          "infoCount": 0,
          "hintCount": 0
        },
        {
          "file": "src/pages/Setting/components/MCPConfigDialog.tsx",
          "score": 100,
          "issueCount": 0,
          "errorCount": 0,
          "warningCount": 0,
          "infoCount": 0,
          "hintCount": 0
        },
        {
          "file": "src/pages/Setting/components/MCPDeleteDialog.tsx",
          "score": 100,
          "issueCount": 0,
          "errorCount": 0,
          "warningCount": 0,
          "infoCount": 0,
          "hintCount": 0
        },
        {
          "file": "src/pages/Setting/components/MCPEnvDialog.tsx",
          "score": 100,
          "issueCount": 0,
          "errorCount": 0,
          "warningCount": 0,
          "infoCount": 0,
          "hintCount": 0
        },
        {
          "file": "src/pages/Setting/components/MCPList.tsx",
          "score": 100,
          "issueCount": 0,
          "errorCount": 0,
          "warningCount": 0,
          "infoCount": 0,
          "hintCount": 0
        },
        {
          "file": "src/pages/Setting/components/MCPListItem.tsx",
          "score": 100,
          "issueCount": 0,
          "errorCount": 0,
          "warningCount": 0,
          "infoCount": 0,
          "hintCount": 0
        },
        {
          "file": "src/pages/Setting/components/SearchEngineConfigDialog.tsx",
          "score": 100,
          "issueCount": 0,
          "errorCount": 0,
          "warningCount": 0,
          "infoCount": 0,
          "hintCount": 0
        },
        {
          "file": "src/pages/Setting/components/types.ts",
          "score": 100,
          "issueCount": 0,
          "errorCount": 0,
          "warningCount": 0,
          "infoCount": 0,
          "hintCount": 0
        },
        {
          "file": "src/pages/Setting/components/utils.ts",
          "score": 100,
          "issueCount": 0,
          "errorCount": 0,
          "warningCount": 0,
          "infoCount": 0,
          "hintCount": 0
        },
        {
          "file": "src/pages/Setting.tsx",
          "score": 100,
          "issueCount": 0,
          "errorCount": 0,
          "warningCount": 0,
          "infoCount": 0,
          "hintCount": 0
        },
        {
          "file": "src/pages/SignUp.tsx",
          "score": 100,
          "issueCount": 0,
          "errorCount": 0,
          "warningCount": 0,
          "infoCount": 0,
          "hintCount": 0
        },
        {
          "file": "src/routers/index.tsx",
          "score": 100,
          "issueCount": 0,
          "errorCount": 0,
          "warningCount": 0,
          "infoCount": 0,
          "hintCount": 0
        },
        {
          "file": "src/service/historyApi.ts",
          "score": 100,
          "issueCount": 0,
          "errorCount": 0,
          "warningCount": 0,
          "infoCount": 0,
          "hintCount": 0
        },
        {
          "file": "src/stack/client.ts",
          "score": 100,
          "issueCount": 0,
          "errorCount": 0,
          "warningCount": 0,
          "infoCount": 0,
          "hintCount": 0
        },
        {
          "file": "src/store/authStore.ts",
          "score": 100,
          "issueCount": 0,
          "errorCount": 0,
          "warningCount": 0,
          "infoCount": 0,
          "hintCount": 0
        },
        {
          "file": "src/store/chatStore.ts",
          "score": 100,
          "issueCount": 0,
          "errorCount": 0,
          "warningCount": 0,
          "infoCount": 0,
          "hintCount": 0
        },
        {
          "file": "src/store/globalStore.ts",
          "score": 100,
          "issueCount": 0,
          "errorCount": 0,
          "warningCount": 0,
          "infoCount": 0,
          "hintCount": 0
        },
        {
          "file": "src/store/installationStore.ts",
          "score": 100,
          "issueCount": 0,
          "errorCount": 0,
          "warningCount": 0,
          "infoCount": 0,
          "hintCount": 0
        },
        {
          "file": "src/store/projectStore.ts",
          "score": 100,
          "issueCount": 0,
          "errorCount": 0,
          "warningCount": 0,
          "infoCount": 0,
          "hintCount": 0
        },
        {
          "file": "src/store/sidebarStore.ts",
          "score": 100,
          "issueCount": 0,
          "errorCount": 0,
          "warningCount": 0,
          "infoCount": 0,
          "hintCount": 0
        },
        {
          "file": "src/types/chatbox.d.ts",
          "score": 100,
          "issueCount": 0,
          "errorCount": 0,
          "warningCount": 0,
          "infoCount": 0,
          "hintCount": 0
        },
        {
          "file": "src/types/electron-updater.d.ts",
          "score": 100,
          "issueCount": 0,
          "errorCount": 0,
          "warningCount": 0,
          "infoCount": 0,
          "hintCount": 0
        },
        {
          "file": "src/types/electron.d.ts",
          "score": 100,
          "issueCount": 0,
          "errorCount": 0,
          "warningCount": 0,
          "infoCount": 0,
          "hintCount": 0
        },
        {
          "file": "src/types/history.d.ts",
          "score": 100,
          "issueCount": 0,
          "errorCount": 0,
          "warningCount": 0,
          "infoCount": 0,
          "hintCount": 0
        },
        {
          "file": "src/types/index.ts",
          "score": 100,
          "issueCount": 0,
          "errorCount": 0,
          "warningCount": 0,
          "infoCount": 0,
          "hintCount": 0
        },
        {
          "file": "src/types/stackframe-react.d.ts",
          "score": 100,
          "issueCount": 0,
          "errorCount": 0,
          "warningCount": 0,
          "infoCount": 0,
          "hintCount": 0
        },
        {
          "file": "src/types/three-shim.d.ts",
          "score": 100,
          "issueCount": 0,
          "errorCount": 0,
          "warningCount": 0,
          "infoCount": 0,
          "hintCount": 0
        },
        {
          "file": "src/types/workspace.d.ts",
          "score": 100,
          "issueCount": 0,
          "errorCount": 0,
          "warningCount": 0,
          "infoCount": 0,
          "hintCount": 0
        },
        {
          "file": "src/vite-env.d.ts",
          "score": 100,
          "issueCount": 0,
          "errorCount": 0,
          "warningCount": 0,
          "infoCount": 0,
          "hintCount": 0
        },
        {
          "file": "tailwind.config.js",
          "score": 100,
          "issueCount": 0,
          "errorCount": 0,
          "warningCount": 0,
          "infoCount": 0,
          "hintCount": 0
        },
        {
          "file": "test/integration/chatStore/activeQueue.test.tsx",
          "score": 100,
          "issueCount": 0,
          "errorCount": 0,
          "warningCount": 0,
          "infoCount": 0,
          "hintCount": 0
        },
        {
          "file": "test/integration/chatStore/deadWorkforce.test.tsx",
          "score": 100,
          "issueCount": 0,
          "errorCount": 0,
          "warningCount": 0,
          "infoCount": 0,
          "hintCount": 0
        },
        {
          "file": "test/integration/chatStore/newProject.test.tsx",
          "score": 100,
          "issueCount": 0,
          "errorCount": 0,
          "warningCount": 0,
          "infoCount": 0,
          "hintCount": 0
        },
        {
          "file": "test/integration/chatStore/replayComplete.test.tsx",
          "score": 100,
          "issueCount": 0,
          "errorCount": 0,
          "warningCount": 0,
          "infoCount": 0,
          "hintCount": 0
        },
        {
          "file": "test/integration/components/ChatBox.integration.test.tsx",
          "score": 100,
          "issueCount": 0,
          "errorCount": 0,
          "warningCount": 0,
          "infoCount": 0,
          "hintCount": 0
        },
        {
          "file": "test/mocks/authStore.mock.ts",
          "score": 100,
          "issueCount": 0,
          "errorCount": 0,
          "warningCount": 0,
          "infoCount": 0,
          "hintCount": 0
        },
        {
          "file": "test/mocks/electronMocks.ts",
          "score": 100,
          "issueCount": 0,
          "errorCount": 0,
          "warningCount": 0,
          "infoCount": 0,
          "hintCount": 0
        },
        {
          "file": "test/mocks/environmentMocks.ts",
          "score": 100,
          "issueCount": 0,
          "errorCount": 0,
          "warningCount": 0,
          "infoCount": 0,
          "hintCount": 0
        },
        {
          "file": "test/mocks/proxy.mock.ts",
          "score": 100,
          "issueCount": 0,
          "errorCount": 0,
          "warningCount": 0,
          "infoCount": 0,
          "hintCount": 0
        },
        {
          "file": "test/mocks/sse.mock.ts",
          "score": 100,
          "issueCount": 0,
          "errorCount": 0,
          "warningCount": 0,
          "infoCount": 0,
          "hintCount": 0
        },
        {
          "file": "test/mocks/testUtils.ts",
          "score": 100,
          "issueCount": 0,
          "errorCount": 0,
          "warningCount": 0,
          "infoCount": 0,
          "hintCount": 0
        },
        {
          "file": "test/setup.ts",
          "score": 100,
          "issueCount": 0,
          "errorCount": 0,
          "warningCount": 0,
          "infoCount": 0,
          "hintCount": 0
        },
        {
          "file": "test/unit/basic.test.ts",
          "score": 100,
          "issueCount": 0,
          "errorCount": 0,
          "warningCount": 0,
          "infoCount": 0,
          "hintCount": 0
        },
        {
          "file": "test/unit/components/ChatBox.test.tsx",
          "score": 100,
          "issueCount": 0,
          "errorCount": 0,
          "warningCount": 0,
          "infoCount": 0,
          "hintCount": 0
        },
        {
          "file": "test/unit/components/SearchInput.test.tsx",
          "score": 100,
          "issueCount": 0,
          "errorCount": 0,
          "warningCount": 0,
          "infoCount": 0,
          "hintCount": 0
        },
        {
          "file": "test/unit/components/Setting/utils.test.ts",
          "score": 100,
          "issueCount": 0,
          "errorCount": 0,
          "warningCount": 0,
          "infoCount": 0,
          "hintCount": 0
        },
        {
          "file": "test/unit/components/Terminal.test.tsx",
          "score": 100,
          "issueCount": 0,
          "errorCount": 0,
          "warningCount": 0,
          "infoCount": 0,
          "hintCount": 0
        },
        {
          "file": "test/unit/electron/install-deps.test.ts",
          "score": 100,
          "issueCount": 0,
          "errorCount": 0,
          "warningCount": 0,
          "infoCount": 0,
          "hintCount": 0
        },
        {
          "file": "test/unit/electron/main/domReadyHandlers.test.ts",
          "score": 100,
          "issueCount": 0,
          "errorCount": 0,
          "warningCount": 0,
          "infoCount": 0,
          "hintCount": 0
        },
        {
          "file": "test/unit/electron/main/fileReader.test.ts",
          "score": 100,
          "issueCount": 0,
          "errorCount": 0,
          "warningCount": 0,
          "infoCount": 0,
          "hintCount": 0
        },
        {
          "file": "test/unit/electron/main/index.test.ts",
          "score": 100,
          "issueCount": 0,
          "errorCount": 0,
          "warningCount": 0,
          "infoCount": 0,
          "hintCount": 0
        },
        {
          "file": "test/unit/electron/main/installationStateLogic.test.ts",
          "score": 100,
          "issueCount": 0,
          "errorCount": 0,
          "warningCount": 0,
          "infoCount": 0,
          "hintCount": 0
        },
        {
          "file": "test/unit/electron/main/processUtilsDemo.test.ts",
          "score": 100,
          "issueCount": 0,
          "errorCount": 0,
          "warningCount": 0,
          "infoCount": 0,
          "hintCount": 0
        },
        {
          "file": "test/unit/electron/main/windowLifecycle.test.ts",
          "score": 100,
          "issueCount": 0,
          "errorCount": 0,
          "warningCount": 0,
          "infoCount": 0,
          "hintCount": 0
        },
        {
          "file": "test/unit/examples/installationFlow.test.ts",
          "score": 100,
          "issueCount": 0,
          "errorCount": 0,
          "warningCount": 0,
          "infoCount": 0,
          "hintCount": 0
        },
        {
          "file": "test/unit/hooks/useInstallationSetup.test.ts",
          "score": 100,
          "issueCount": 0,
          "errorCount": 0,
          "warningCount": 0,
          "infoCount": 0,
          "hintCount": 0
        },
        {
          "file": "test/unit/store/chatStore.test.ts",
          "score": 100,
          "issueCount": 0,
          "errorCount": 0,
          "warningCount": 0,
          "infoCount": 0,
          "hintCount": 0
        },
        {
          "file": "test/unit/store/installationStore.test.ts",
          "score": 100,
          "issueCount": 0,
          "errorCount": 0,
          "warningCount": 0,
          "infoCount": 0,
          "hintCount": 0
        },
        {
          "file": "test/unit/utils.test.ts",
          "score": 100,
          "issueCount": 0,
          "errorCount": 0,
          "warningCount": 0,
          "infoCount": 0,
          "hintCount": 0
        },
        {
          "file": "test/vitest-jest-dom.d.ts",
          "score": 100,
          "issueCount": 0,
          "errorCount": 0,
          "warningCount": 0,
          "infoCount": 0,
          "hintCount": 0
        },
        {
          "file": "vite.config.ts",
          "score": 100,
          "issueCount": 0,
          "errorCount": 0,
          "warningCount": 0,
          "infoCount": 0,
          "hintCount": 0
        },
        {
          "file": "vitest.config.ts",
          "score": 100,
          "issueCount": 0,
          "errorCount": 0,
          "warningCount": 0,
          "infoCount": 0,
          "hintCount": 0
        }
      ],
      "qualityContext": {}
    }
  ],
  "qualityMetrics": {
    "packages": [
      {
        "name": "@stackframe/react",
        "path": "package/@stackframe/react",
        "hexagon": {
          "tests": 0,
          "deadCode": 0,
          "formatting": 0,
          "linting": 0,
          "types": 100,
          "documentation": 0
        },
        "lensesRan": [
          "typescript",
          "eslint"
        ]
      },
      {
        "name": "@stackframe/stack-shared",
        "path": "package/@stackframe/stack-shared",
        "hexagon": {
          "tests": 0,
          "deadCode": 0,
          "formatting": 0,
          "linting": 0,
          "types": 100,
          "documentation": 0
        },
        "lensesRan": [
          "typescript",
          "vitest",
          "eslint"
        ]
      },
      {
        "name": "eigent",
        "path": "",
        "hexagon": {
          "tests": 0,
          "deadCode": 0,
          "formatting": 0,
          "linting": 0,
          "types": 100,
          "documentation": 0
        },
        "lensesRan": [
          "vitest",
          "typescript"
        ]
      },
      {
        "name": "backend",
        "path": "backend",
        "hexagon": {
          "tests": 0,
          "deadCode": 0,
          "linting": 0,
          "formatting": 0,
          "types": 0,
          "documentation": 0
        },
        "lensesRan": []
      },
      {
        "name": "Eigent",
        "path": "server",
        "hexagon": {
          "tests": 0,
          "deadCode": 0,
          "linting": 0,
          "formatting": 0,
          "types": 0,
          "documentation": 0
        },
        "lensesRan": []
      }
    ]
  }
}